testing_accuracy,time_get_features_and_train,time_predict
0.5740516220696188,2.512473726272583,0.0011591911315917969
